{"schemaVersion":"1.0","appDefinitionTemplate":{"id":"/providers/Microsoft.PowerApps/apps/","type":"Microsoft.PowerApps/apps","tags":{"primaryDeviceWidth":"1366","primaryDeviceHeight":"768","supportsPortrait":"false","supportsLandscape":"true","primaryFormFactor":"Tablet","showStatusBar":"false","publisherVersion":"3.24074.14","minimumRequiredApiVersion":"2.2.0","hasComponent":"false","hasUnlockedComponent":"false","isUnifiedRootApp":"false","sienaVersion":"20240812T175639Z-3.24074.14.0"},"properties":{"appVersion":"2024-08-12T17:56:39Z","lifeCycleId":"Published","createdByClientVersion":{"major":3,"minor":24074,"build":14,"revision":0,"majorRevision":0,"minorRevision":0},"minClientVersion":{"major":3,"minor":24074,"build":14,"revision":0,"majorRevision":0,"minorRevision":0},"backgroundColor":"rgba(0, 123, 182, 1)","backgroundImageUri":"/10560292152192683814/Nd1635004-a585-4531-b7e3-2b2fad38b84f-logoSmallFile","displayName":"Shoutouts_1755","description":"This fun app encourages coworkers to share job-related compliments including automated email notifications sent to recipients' managers","commitMessage":"","appUris":{"documentUri":{"value":"/10560292152192683814/Nc4f21b10-d7e5-4422-a249-011935bba8d1-document.msapp"},"imageUris":[],"additionalUris":[{"isSolutionAware":false,"value":"/10560292152192683814/N9967f2c4-b8a0-4d45-8ce1-2b986e261fc3-identity.json"}]},"createdTime":"0001-01-01T00:00:00Z","lastModifiedTime":"0001-01-01T00:00:00Z","sharedGroupsCount":0,"sharedUsersCount":0,"connectionReferences":{"16968ad3-ece8-4f2a-a423-ec693b781a48":{"id":"b2bc3616-2c53-4a12-bb96-f6472458a61b","displayName":"Office 365 Users","iconUri":"https://connectoricons-prod.azureedge.net/releases/v1.0.1702/1.0.1702.3810/office365users/icon.png","dataSources":["Office365Users"],"dependencies":[],"dependents":[],"parameterHints":{},"parameterHintsV2":{},"isOnPremiseConnection":false,"dataSets":{},"apiTier":"Standard","isCustomApiConnection":false,"actions":["MyProfile","RelevantPeople","UserPhotoMetadata","UserPhoto","Manager","SearchUser","UserProfile"]},"6359db2e-525d-4096-a467-90652c40c160":{"id":"10a1ae53-c0d3-42f2-858d-78f3999248a9","displayName":"Office 365 Outlook","iconUri":"https://connectoricons-prod.azureedge.net/releases/v1.0.1686/1.0.1686.3706/office365/icon.png","dataSources":["Office365"],"dependencies":[],"dependents":[],"parameterHints":{},"parameterHintsV2":{},"isOnPremiseConnection":false,"dataSets":{},"apiTier":"Standard","isCustomApiConnection":false,"actions":["SendEmailV2"]}},"databaseReferences":{},"almMode":"Environment","performanceOptimizationEnabled":true,"canConsumeAppPass":true,"enableModernRuntimeMode":false,"executionRestrictions":{"isTeamsOnly":false,"dataLossPreventionEvaluationResult":{"status":"Compliant","lastEvaluationDate":"2024-08-12T17:56:49.0840009Z","violations":[],"violationsByPolicy":[],"violationErrorMessage":"The app uses the following connectors: shared_office365users, shared_office365."}}},"appType":"ClassicCanvasApp","appComponents":[]}}